{
  "1": 27.835783004760742,
  "2": 20.595489501953125,
  "3": 13.383405685424805,
  "4": 13.273150444030762,
  "5": 12.581326484680176,
  "6": 11.1832914352417,
  "7": 10.345577239990234,
  "8": 10.229092597961426,
  "9": 10.127591133117676,
  "10": 8.413662910461426,
  "11": 8.527002334594727,
  "12": 8.585287094116211,
  "13": 8.249854803085327,
  "14": 7.701374053955078,
  "15": 8.033971786499023,
  "16": 7.146193504333496,
  "17": 7.353709697723389,
  "18": 7.588608741760254,
  "19": 8.072185516357422,
  "20": 7.145392894744873,
  "21": 6.501456260681152,
  "22": 7.753913879394531,
  "23": 8.169637680053711,
  "24": 6.489674091339111,
  "25": 6.224494934082031,
  "26": 7.668428897857666,
  "27": 7.037033557891846,
  "28": 6.726140975952148,
  "29": 6.923259258270264,
  "30": 7.336848258972168
}