{
  "1": 3.326322317123413,
  "2": 3.0250720977783203,
  "3": 2.594015598297119,
  "4": 2.5857431888580322,
  "5": 2.5322136878967285,
  "6": 2.4144208431243896,
  "7": 2.3365590572357178,
  "8": 2.3252358436584473,
  "9": 2.315263509750366,
  "10": 2.129856824874878,
  "11": 2.143237829208374,
  "12": 2.1032838225364685,
  "13": 2.3365590572357178,
  "14": 2.041398763656616,
  "15": 2.083678960800171,
  "16": 1.966579794883728,
  "17": 1.9952049255371094,
  "18": 2.0266482830047607,
  "19": 2.0884242057800293,
  "20": 1.9664677381515503,
  "21": 1.8720262050628662,
  "22": 2.0481977462768555,
  "23": 2.1004245281219482,
  "24": 1.8702123165130615,
  "25": 1.828492283821106,
  "26": 2.037111759185791,
  "27": 1.9511867761611938,
  "28": 1.9060015678405762,
  "29": 1.9348866939544678,
  "30": 1.91290931224823
}